{"cameraMode":{"drawMode":0,"name":"Shaded","section":"Shading Mode"},"sceneLighting":true,"audioPlay":false,"sceneViewState":{"m_AlwaysRefresh":false,"showFog":true,"showSkybox":true,"showFlares":true,"showImageEffects":true,"showParticleSystems":true,"showVisualEffectGraphs":true,"m_FxEnabled":true},"in2DMode":false,"pivot":{"x":0.47228145599365237,"y":-0.9124488830566406,"z":1.525964379310608},"rotation":{"x":0.15672899782657624,"y":0.737104058265686,"z":-0.18296881020069123,"w":0.6313865184783936},"size":7.714751243591309,"orthographic":false}