{"cameraMode":{"drawMode":0,"name":"Shaded","section":"Shading Mode"},"sceneLighting":true,"audioPlay":false,"sceneViewState":{"m_AlwaysRefresh":false,"showFog":true,"showSkybox":true,"showFlares":true,"showImageEffects":true,"showParticleSystems":true,"showVisualEffectGraphs":true,"m_FxEnabled":true},"in2DMode":false,"pivot":{"x":1.2727231979370118,"y":0.01056218147277832,"z":1.658430814743042},"rotation":{"x":-0.24983565509319306,"y":-0.36208999156951907,"z":0.10137902945280075,"w":-0.8922972679138184},"size":4.855414390563965,"orthographic":false}